description,time_execution_1,time_execution_2,time_execution_3,time_execution_4,time_average
Rust fastest option (by characters index),29.436084606,30.226746264,33.715843557,30.339168491,30.929460729499997
Python fastest option (regex match function),271.78013042500015,275.31400713799985,274.71298764999983,277.1358656340003,274.73574771175004
Rust fastest regex option (find function),43.856874086,44.913219761,43.605705085,49.675238313,45.51275931125
Rust slowest regex option (captures function),348.511046044,337.281804016,340.43731135,346.087355349,343.07937918975006
